{"cameraMode":{"drawMode":0,"name":"Shaded","section":"Shading Mode"},"sceneLighting":false,"audioPlay":false,"sceneViewState":{"showFog":true,"showMaterialUpdate":true,"showSkybox":false,"showFlares":true,"showImageEffects":true,"showParticleSystems":true},"in2DMode":false,"pivot":{"x":-95.81864929199219,"y":0.8234930634498596,"z":-8.501991271972657},"rotation":{"x":-0.14525941014289857,"y":-0.3928520083427429,"z":0.06299591809511185,"w":-0.9058711528778076},"size":0.6492525339126587,"orthographic":false}