{"cameraMode":{"drawMode":0,"name":"Shaded","section":"Shading Mode"},"sceneLighting":false,"audioPlay":false,"sceneViewState":{"showFog":true,"showMaterialUpdate":true,"showSkybox":false,"showFlares":true,"showImageEffects":true,"showParticleSystems":true},"in2DMode":false,"pivot":{"x":1.2500133514404297,"y":3.8900113105773927,"z":0.0},"rotation":{"x":0.25543418526649477,"y":0.004925908986479044,"z":-0.001306770252995193,"w":0.9668179154396057},"size":7.210298538208008,"orthographic":true}