{"cameraMode":{"drawMode":0,"name":"Shaded","section":"Shading Mode"},"sceneLighting":true,"audioPlay":false,"sceneViewState":{"showFog":true,"showMaterialUpdate":true,"showSkybox":true,"showFlares":true,"showImageEffects":true,"showParticleSystems":true},"in2DMode":false,"pivot":{"x":18.977548599243165,"y":19.73895263671875,"z":-17.598974227905275},"rotation":{"x":0.3643586337566376,"y":0.47542804479599,"z":-0.22545790672302247,"w":0.7683679461479187},"size":21.03903579711914,"orthographic":true}