{"cameraMode":{"drawMode":0,"name":"Shaded","section":"Shading Mode"},"sceneLighting":false,"audioPlay":true,"sceneViewState":{"showFog":true,"showMaterialUpdate":true,"showSkybox":false,"showFlares":true,"showImageEffects":true,"showParticleSystems":true},"in2DMode":false,"pivot":{"x":-0.3691725730895996,"y":0.18137037754058839,"z":-0.19211769104003907},"rotation":{"x":-0.18110506236553193,"y":-0.4388565421104431,"z":0.09079013764858246,"w":-0.875421941280365},"size":6.576330661773682,"orthographic":false}